{"stats":{"minecraft:picked_up":{"minecraft:leather":2,"minecraft:beef":1,"minecraft:porkchop":3,"minecraft:oak_log":1,"minecraft:mutton":1,"minecraft:white_wool":1},"minecraft:used":{"minecraft:crafting_table":1},"minecraft:crafted":{"minecraft:oak_planks":4,"minecraft:crafting_table":1},"minecraft:custom":{"minecraft:time_since_rest":3008,"minecraft:play_time":3008,"minecraft:sprint_one_cm":3963,"minecraft:damage_taken":20,"minecraft:walk_one_cm":6362,"minecraft:sneak_time":18,"minecraft:mob_kills":4,"minecraft:jump":102,"minecraft:damage_dealt":350,"minecraft:leave_game":1,"minecraft:time_since_death":3008,"minecraft:total_world_time":3008,"minecraft:interact_with_crafting_table":1,"minecraft:fall_one_cm":4133,"minecraft:fly_one_cm":8378},"minecraft:killed":{"minecraft:sheep":1,"minecraft:pig":1,"minecraft:cow":1},"minecraft:mined":{"minecraft:grass":3,"minecraft:oak_log":1}},"DataVersion":3120}