{"stats":{"minecraft:picked_up":{"minecraft:leather":2,"minecraft:beef":1,"minecraft:porkchop":3,"minecraft:oak_log":1,"minecraft:mutton":1,"minecraft:white_wool":1},"minecraft:used":{"minecraft:bow":14,"minecraft:crafting_table":1},"minecraft:crafted":{"minecraft:oak_planks":4,"minecraft:crafting_table":1},"minecraft:custom":{"minecraft:time_since_rest":4812,"minecraft:sprint_one_cm":4002,"minecraft:play_time":4812,"minecraft:damage_taken":20,"minecraft:walk_one_cm":7010,"minecraft:sneak_time":29,"minecraft:mob_kills":7,"minecraft:jump":106,"minecraft:damage_dealt":350,"minecraft:leave_game":2,"minecraft:time_since_death":4812,"minecraft:total_world_time":4812,"minecraft:interact_with_crafting_table":1,"minecraft:fall_one_cm":4133,"minecraft:fly_one_cm":17514},"minecraft:killed":{"minecraft:sheep":2,"minecraft:pig":2,"minecraft:cow":2},"minecraft:mined":{"minecraft:grass":3,"minecraft:oak_log":1}},"DataVersion":3120}